iter	Logloss
0	0.6819948827
1	0.6710895498
2	0.6604269927
3	0.6499960951
4	0.6397957316
